{
  "2D": 1354.32099986075,
  "3D": 5977.05299949647,
  "Editor": 52364.1030004025,
  "Game": 16993.6409978868,
  "Script": 28039.0880031585
}