{
  "2D": 1225.31999993324,
  "3D": 5967.64499950409,
  "Editor": 50280.3400001526,
  "Game": 16018.4749975205,
  "Script": 27068.9000031948
}