{
  "2D": 1.0090000629425,
  "3D": 3719.98400020599,
  "Editor": 14310.4909999371,
  "Game": 4338.44699931145,
  "Script": 6251.05100035668
}