{
  "2D": 410.541000127792,
  "3D": 3727.78100013733,
  "Editor": 17462.7859990597,
  "Game": 5515.0379986763,
  "Script": 7809.42600011826
}