{
  "2D": 223.368000268936,
  "3D": 3726.77900028228,
  "Editor": 16757.0239989758,
  "Game": 5156.0949985981,
  "Script": 7650.78199982643
}