{
  "2D": 1039.1179997921,
  "3D": 4998.04100012779,
  "Editor": 37854.685999155,
  "Game": 13394.9509968758,
  "Script": 18422.5760023594
}