{
  "2D": 223.368000268936,
  "3D": 3726.77900028228,
  "Editor": 16667.715998888,
  "Game": 5109.10999870301,
  "Script": 7608.45899963379
}