{
  "2D": 589.921999931335,
  "3D": 3731.49000000953,
  "Editor": 18663.0909984112,
  "Game": 5874.66099882126,
  "Script": 8467.26799964905
}