{
  "2D": 1225.31999993324,
  "3D": 5656.57400012016,
  "Editor": 44002.2429993153,
  "Game": 14861.7309968472,
  "Script": 22258.6180024147
}