{
  "2D": 1131.09499979019,
  "3D": 5004.06100034713,
  "Editor": 38392.6739990711,
  "Game": 13494.6599965096,
  "Script": 18762.8580024242
}