{
  "2D": 223.368000268936,
  "3D": 3723.80600023269,
  "Editor": 14807.3049998283,
  "Game": 4430.36599922181,
  "Script": 6429.76500010491
}