{
  "2D": 1225.31999993324,
  "3D": 5967.64499950409,
  "Editor": 50489.388999939,
  "Game": 16074.1359977723,
  "Script": 27222.2880027294
}