{
  "2D": 44.9000000953674,
  "3D": 3723.80600023269,
  "Editor": 14494.6739997864,
  "Game": 4353.77699923516,
  "Script": 6372.19100022316
}