{
  "2D": 661.930999994278,
  "3D": 3894.3250002861,
  "Editor": 31424.9150002003,
  "Game": 10295.2399978638,
  "Script": 16573.4190020561
}