{
  "2D": 452.958999872208,
  "3D": 3731.49000000953,
  "Editor": 18526.3779983521,
  "Game": 5874.66099882126,
  "Script": 8467.26799964905
}