{
  "2D": 661.930999994278,
  "3D": 4973.6400001049,
  "Editor": 35798.9800004959,
  "Game": 13093.3739979267,
  "Script": 17070.03500247
}