{
  "2D": 1225.31999993324,
  "3D": 5656.57400012016,
  "Editor": 44063.9759993553,
  "Game": 14861.7309968472,
  "Script": 22320.3510024548
}