{
  "2D": 1184.26799988747,
  "3D": 5057.10500025748,
  "Editor": 38666.0059988499,
  "Game": 13597.4489965439,
  "Script": 18827.184002161
}