{
  "2D": 448.555999994278,
  "3D": 3731.49000000953,
  "Editor": 18469.0119986534,
  "Game": 5821.69799900055,
  "Script": 8467.26799964905
}