{
  "2D": 1354.20699977874,
  "3D": 5972.63699960709,
  "Editor": 51267.7140002251,
  "Game": 16528.1549978257,
  "Script": 27412.7150030136
}