{
  "2D": 410.541000127792,
  "3D": 3728.77500009536,
  "Editor": 17761.7709989548,
  "Game": 5632.92999863625,
  "Script": 7989.52500009537
}