{
  "2D": 589.921999931335,
  "3D": 3775.83800005912,
  "Editor": 25097.8759992123,
  "Game": 8358.37999773026,
  "Script": 12373.7360014915
}