{
  "2D": 999.792999982833,
  "3D": 4998.04100012779,
  "Editor": 36453.6920003891,
  "Game": 13234.0179975033,
  "Script": 17221.8400027752
}